project,error
VA_Shen_Multi_Haz_2014,coordinates
VA_Shenandoah_2014,coordinates
AK_Anchorage_2015,geometry
AK_FairbanksNSB_QL1_2017,geometry
AK_FairbanksNSB_QL2_2017,coordinates
AK_MatSuBorough_B1_2019,coordinates
AK_MatSuBorough_B2_2019,coordinates
AK_NorthSlope_B10_2018,coordinates
AK_NorthSlope_B11_2018,coordinates
AK_NorthSlope_B12_2018,coordinates
AK_NorthSlope_B13_2018,coordinates
AK_NorthSlope_B14_2018,coordinates
AK_NorthSlope_B1_2018,coordinates
AK_NorthSlope_B2_2018,coordinates
AK_NorthSlope_B3_2018,coordinates
AK_NorthSlope_B4_2018,coordinates
AK_NorthSlope_B5_2018,coordinates
AK_NorthSlope_B6_2018,coordinates
AK_NorthSlope_B7_2018,coordinates
AK_NorthSlope_B8_2018,coordinates
AK_NorthSlope_B9_2018,coordinates
AK_POW_P2_TL_2018,geometry
AK_SELandslides_1_D22,coordinates
IN_HendricksCo_2011,coordinates
IN_Monroe_2011,geometry
IN_Morgan_2011,coordinates
IN_WT_B10_Benton_2013,geometry
IN_WT_B10_Fountain_2013,geometry
IN_WT_B10_Montgomery_2013,geometry
IN_WT_B10_Tippecanoe_2013,geometry
IN_WT_B10_Warren_2013,coordinates
IN_WT_B10_White_2013,geometry
IN_WT_B11_Clay_2013,coordinates
IN_WT_B11_Owen_2013,geometry
IN_WT_B11_Parke_2013,geometry
IN_WT_B11_Putnam_2013,coordinates
IN_WT_B9_Jasper_2013,geometry
IN_WT_B9_Lake_2013,geometry
IN_WT_B9_Laporte_2013,geometry
IN_WT_B9_Newton_2013,geometry
IN_WT_B9_Porter_2013,geometry
MI_13Co_BerrienCO_2015,coordinates
MI_16Co_Clare_2015,coordinates
MI_16Co_Lapeer_2015,coordinates
MI_16Co_Mecosta_2015,coordinates
MI_16Co_Newaygo_2015,coordinates
MI_16Co_Osceola_2015,coordinates
MI_16Co_Roscommon_2015,coordinates
MI_16Co_Shiawassee_2015,coordinates
MI_16Co_StJoseph_2015,coordinates
MI_31Co_Arenac_2016,coordinates
MI_31Co_Arenac_TL_2016,coordinates
MI_31Co_Barry_2016,coordinates
MI_31Co_ChippewaCo_TL_2017,coordinates
MI_31Co_Chippewa_2017,coordinates
MI_31Co_Clinton_2017,coordinates
MI_31Co_Eaton_2016,coordinates
MI_31Co_Gladwin_2016,coordinates
MI_31Co_Hillsdale_2016,coordinates
MI_31Co_Huron_2016,coordinates
MI_31Co_InghamB_2016,coordinates
MI_31Co_Ingham_2017,coordinates
MI_31Co_Ionia_2016,coordinates
MI_31Co_Iosco_2016,coordinates
MI_31Co_Isabella_2016,coordinates
MI_31Co_Isabella_TL_2016,coordinates
MI_31Co_Jackson_2016,coordinates
MI_31Co_Kent_2016,coordinates
MI_31Co_Lenawee_2017,coordinates
MI_31Co_Livingston_2018,coordinates
MI_31Co_Macomb_2016,coordinates
MI_31Co_Mason_2017,coordinates
MI_31Co_Midland_2016,coordinates
MI_31Co_Monroe_2016,coordinates
MI_31Co_Oakland_2016,coordinates
MI_31Co_Oceana_2016,coordinates
MI_31Co_Ogemaw_2016,coordinates
MI_31Co_Ottawa_2016,coordinates
MI_31Co_Sanilac_2017,coordinates
MI_31Co_StClair_2016,coordinates
MI_31Co_Tuscola_2016,coordinates
MI_31Co_Washtenaw_2016,coordinates
MI_AlgerCo_2015,coordinates
MI_AlleganCo_2015,coordinates
MI_Baraga_2015,coordinates
MI_BenzieCo_2015,coordinates
MI_Cass_2015,coordinates
MI_EmmetCo_2015,coordinates
MI_GrandTraverseCO_2015,coordinates
MI_Kalamazoo_2015,coordinates
MI_Lake_2016,coordinates
MI_LeelanauCo_2015,coordinates
MI_MackinacCo_2015,coordinates
MI_ManisteeCo_2015,coordinates
MI_Marquette_2015,coordinates
MI_Missaukee_2016,coordinates
MI_Montcalm_2015,coordinates
MI_MuskegonCo_2013,coordinates
MI_Muskegon_2015,coordinates
MI_Ottawa_NF_TL_2017,coordinates
MI_WayneCo_2017,coordinates
MI_Wexford_2016,coordinates
NC_SandyLot9_2014,coordinates
NC_Sandy_L12_2014,coordinates
NC_Sandy_L13_2014,coordinates
NC_Sandy_L14_2014,coordinates
NC_Sandy_L15_2014,coordinates
NC_Sandy_L6_2014,coordinates
NC_Sandy_Lot10_2014,coordinates
NC_Sandy_Lot11_2014,coordinates
NC_Sandy_Lot7_2014,coordinates
NC_Sandy_Lot8_2014,coordinates
NV_USFSR4_1_D23,coordinates
PA_Allentown_2016,coordinates
PA_Dauphin_2016,coordinates
PA_LuzerneCounty_2018,coordinates
TX_Lubbock_2011,coordinates
WA_3_County_QL1_2017,geometry
WA_3_County_QL2_2017,geometry
WI_LincolnCo_2015,geometry
WI_Oshkosh_3Rivers_MilleLacs_TL_2018,geometry
WI_Sawyer_2017,coordinates
WI_Sawyer_TL_2017,coordinates
WI_Washburn_TL_2016,coordinates
